{"LAL": 1449.3667931254379, "MIA": 1484.9904442898069, "IND": 1498.9663559047485, "PHI": 1596.4883989652394, "GSW": 1690.3019812229884, "SAS": 1577.8103310630224, "NYK": 1261.8404167965955, "PHX": 1296.8548271769778, "CLE": 1302.4250661588176, "HOU": 1654.9519831285843, "DET": 1477.5104395303667, "OKC": 1561.3491689101536, "DAL": 1412.9108188646746, "SAC": 1458.035024013368, "MIN": 1453.1833200657986, "TOR": 1697.6406378743245, "CHI": 1318.941364287171, "LAC": 1568.8963238780657, "MIL": 1671.9773728230246, "BKN": 1503.4296347773186, "ORL": 1522.6679089391862, "ATL": 1414.6488966441923, "POR": 1629.0497087100453, "MEM": 1418.2624054122082, "CHA": 1491.0817502018238, "NOP": 1406.6753604918438, "WAS": 1391.9733027297189, "BOS": 1582.0669701352595, "DEN": 1616.7981944599933, "UTA": 1588.9047994192429}{"GSW": 1654.5615151994007, "BOS": 1568.02118500727, "SAS": 1560.4816784841346, "NYK": 1316.2848365194486, "PHX": 1342.6263638073017, "NOP": 1417.537241243842, "ORL": 1522.3714187057526, "DEN": 1591.9755246246798, "DET": 1480.9099609150694, "IND": 1496.7774888819526, "UTA": 1568.4992320795304, "MIL": 1644.7066537938829, "TOR": 1666.3550481238904, "PHI": 1580.0049071936335, "POR": 1603.2465689663006, "MIA": 1488.267754643154, "BKN": 1505.2868468004176, "CHA": 1494.906555542808, "LAC": 1551.49101260842, "MIN": 1456.0483673909785, "MEM": 1432.1191471105633, "HOU": 1622.2525037599069, "DAL": 1426.2982655510284, "ATL": 1435.6746508480426, "SAC": 1463.55830189907, "WAS": 1412.887001214323, "CHI": 1358.053562082249, "LAL": 1455.4087845346419, "OKC": 1545.1947614586275, "CLE": 1338.1928610096802}{"GSW": 1654.5615151994007, "BOS": 1568.02118500727, "SAS": 1560.4816784841346, "NYK": 1316.2848365194486, "PHX": 1342.6263638073017, "NOP": 1417.537241243842, "ORL": 1522.3714187057526, "DEN": 1591.9755246246798, "DET": 1480.9099609150694, "IND": 1496.7774888819526, "UTA": 1568.4992320795304, "MIL": 1644.7066537938829, "TOR": 1666.3550481238904, "PHI": 1580.0049071936335, "POR": 1603.2465689663006, "MIA": 1488.267754643154, "BKN": 1505.2868468004176, "CHA": 1494.906555542808, "LAC": 1551.49101260842, "MIN": 1456.0483673909785, "MEM": 1432.1191471105633, "HOU": 1622.2525037599069, "DAL": 1426.2982655510284, "ATL": 1435.6746508480426, "SAC": 1463.55830189907, "WAS": 1412.887001214323, "CHI": 1358.053562082249, "LAL": 1455.4087845346419, "OKC": 1545.1947614586275, "CLE": 1338.1928610096802}{"BOS": 1628.537966296042, "LAL": 1707.5850691242065, "CHI": 1531.2729864514456, "PHX": 1533.1832550829804, "DET": 1446.9008232168399, "TOR": 1448.5586658374077, "ATL": 1529.6632993769251, "MIN": 1371.6541293797416, "NYK": 1423.9746401707562, "HOU": 1619.0713664765028, "NJN": 1441.6601574654242, "UTA": 1533.8000610116283, "MIL": 1432.1789260218768, "NOP": 1520.6530965628615, "CLE": 1694.1520142540019, "MIA": 1511.5215811407777, "POR": 1602.0638310784082, "PHI": 1498.0492086367576, "DEN": 1622.5646189557892, "MEM": 1388.887331772206, "IND": 1488.2639987286198, "ORL": 1637.3910547904095, "DAL": 1581.8156664775518, "GSW": 1420.2082098090455, "CHA": 1454.0408171505985, "OKC": 1391.7886818065326, "SAC": 1305.510946983545, "SAS": 1570.7330932953043, "LAC": 1324.7830608793377, "WAS": 1339.531441766477}{"BOS": 1635.3544354111184, "LAL": 1683.0278126226906, "CHI": 1510.0814282728975, "PHX": 1652.7785634996276, "DET": 1367.4463963902172, "TOR": 1464.9773488177657, "ATL": 1571.103761647119, "MIN": 1263.209670585993, "NYK": 1389.6283619269984, "HOU": 1518.9348864889703, "NJN": 1285.2552629079732, "UTA": 1593.4731669511054, "MIL": 1549.0861354925298, "NOH": 1456.4668192495703, "CLE": 1656.400424072122, "MIA": 1539.1244386947235, "POR": 1583.946879818959, "PHI": 1386.5271213302103, "DEN": 1597.884497708048, "MEM": 1465.1611951107816, "IND": 1458.612087114997, "ORL": 1693.078505238177, "DAL": 1607.689639522725, "GSW": 1394.9807142259506, "CHA": 1508.0483888616052, "OKC": 1557.1747616302475, "SAC": 1316.9920920704396, "SAS": 1587.7059449973945, "LAC": 1355.7751732127433, "WAS": 1350.0740861263007}{"BOS": 1601.0946289344763, "LAL": 1628.886649832056, "CHI": 1654.3822851172615, "PHX": 1517.2291502503488, "DET": 1392.0826941685234, "TOR": 1327.9317769973327, "ATL": 1531.872896848421, "MIN": 1251.8110436505035, "NYK": 1463.7123474628336, "HOU": 1544.6238384968885, "NJN": 1311.2002758615934, "UTA": 1467.139372161929, "MIL": 1473.31064001162, "NOH": 1523.2996806512099, "CLE": 1367.9370987100208, "MIA": 1674.5515138579058, "POR": 1588.349252615389, "PHI": 1478.980567322333, "DEN": 1579.5635589934873, "MEM": 1585.1645226658452, "IND": 1460.53100771221, "ORL": 1587.1387295538605, "DAL": 1712.1366445377175, "GSW": 1455.4630049448344, "CHA": 1444.962758393499, "OKC": 1625.6484772127772, "SAC": 1371.445488926437, "SAS": 1614.343872485375, "LAC": 1427.35740874283, "WAS": 1337.8488128804804}{"BOS": 1505.6843861359569, "LAL": 1565.5385043757224, "CHI": 1551.8376403553211, "PHX": 1386.8325529074687, "DET": 1387.8768879093539, "TOR": 1447.4043098332304, "ATL": 1502.7605131486375, "MIN": 1407.8020978984785, "NYK": 1593.1652057979798, "HOU": 1544.7177381036652, "NJN": 1339.4002125426134, "UTA": 1532.6900383444317, "MIL": 1437.7001224048886, "NOH": 1395.6433570512215, "CLE": 1335.3913150072774, "MIA": 1752.2894650858632, "POR": 1411.3521556856963, "PHI": 1450.1217590262086, "DEN": 1651.3146615205465, "MEM": 1652.0343256225185, "IND": 1611.2547429689612, "ORL": 1312.1193286166674, "DAL": 1549.5358950425411, "GSW": 1563.3771504768113, "CHA": 1292.3113564013936, "OKC": 1654.7443643191173, "SAC": 1390.937084491131, "SAS": 1706.648240218196, "LAC": 1606.5960581745248, "WAS": 1407.9847810490762, "BKN": 1552.9337494844997}{"BOS": 1354.9481074460398, "LAL": 1411.0412315368978, "CHI": 1556.358424598286, "PHX": 1551.6156540940744, "DET": 1365.1288731564869, "TOR": 1546.2688398004673, "ATL": 1480.4300995182589, "MIN": 1493.1921255795314, "NYK": 1523.8767005553684, "HOU": 1600.856329283191, "NJN": 1339.4002125426134, "UTA": 1388.2081413997503, "MIL": 1278.9347452486904, "NOH": 1395.6433570512215, "CLE": 1423.7693602777151, "MIA": 1644.777248157389, "POR": 1593.8203108675507, "PHI": 1297.0575048632259, "DEN": 1501.9935138748006, "MEM": 1633.4818966062016, "IND": 1584.8976709133742, "ORL": 1322.4764435277632, "DAL": 1603.7412170649002, "GSW": 1609.0459446888294, "CHA": 1490.3254808463116, "OKC": 1673.222798196864, "SAC": 1395.7694852992738, "SAS": 1743.5024779575353, "LAC": 1647.430048525288, "WAS": 1536.509744970507, "BKN": 1544.6017825593963, "NOP": 1467.6742289921958}{"BOS": 1488.2674493499137, "LAL": 1329.2020885984111, "CHI": 1560.4138591367598, "PHX": 1494.2748682966117, "DET": 1421.421406881113, "TOR": 1506.1530916338227, "ATL": 1595.7221105987321, "MIN": 1315.2323775351633, "NYK": 1317.4724772885993, "HOU": 1667.5126183283394, "NJN": 1339.4002125426134, "UTA": 1505.751147646911, "MIL": 1451.4139503231886, "NOH": 1395.6433570512215, "CLE": 1659.4797659237317, "MIA": 1486.7916104424066, "POR": 1561.7361057530734, "PHI": 1274.2478183603232, "DEN": 1426.8159563778222, "MEM": 1644.135501968461, "IND": 1517.7524245403565, "ORL": 1333.56089641685, "DAL": 1581.4455007508134, "GSW": 1773.1901699482858, "CHA": 1421.9174170202382, "OKC": 1589.3902603778788, "SAC": 1392.8005266707373, "SAS": 1686.0153498341158, "LAC": 1674.0483772340087, "WAS": 1545.6283541867986, "BKN": 1505.6074714409028, "NOP": 1537.5554775417947}{"BOS": 1553.1154124784593, "LAL": 1294.4361380030853, "CHI": 1504.6193471746924, "PHX": 1362.5947415153626, "DET": 1504.4064821324491, "TOR": 1613.80309540365, "ATL": 1569.8554177201067, "MIN": 1403.8283312061872, "NYK": 1377.5378457623697, "HOU": 1551.176484350141, "NJN": 1339.4002125426134, "UTA": 1505.8835195484844, "MIL": 1427.465206007425, "NOH": 1395.6433570512215, "CLE": 1717.418242080129, "MIA": 1564.4817078255257, "POR": 1603.2520872933633, "PHI": 1199.6407779443282, "DEN": 1435.5964894383383, "MEM": 1498.4152703822067, "IND": 1542.6756342933384, "ORL": 1420.85828665301, "DAL": 1524.7648608175086,